https://www.bepositive-events.com/fr/liste-exposants/activskeen-52431,ACTIVSKEEN
https://www.bepositive-events.com/fr/liste-exposants/acv-45115,ACV
https://www.bepositive-events.com/fr/liste-exposants/adiwatt-44272,ADIWATT
https://www.bepositive-events.com/fr/liste-exposants/aeroval-40723,AEROVAL
https://www.bepositive-events.com/fr/liste-exposants/afore-new-energy-technology-shanghai--co-ltd-46365,AFORE NEW ENERGY TECHNOLOGY(SHANGHAI) CO LTD
https://www.bepositive-events.com/fr/liste-exposants/afpa-51935,AFPA
https://www.bepositive-events.com/fr/liste-exposants/agecic-51556,AGECIC
https://www.bepositive-events.com/fr/liste-exposants/agence-qualite-construction-49141,AGENCE QUALITE CONSTRUCTION
https://www.bepositive-events.com/fr/liste-exposants/aic-france-45477,AIC FRANCE
https://www.bepositive-events.com/fr/liste-exposants/aidee-47142,AIDEE
https://www.bepositive-events.com/fr/liste-exposants/airzone-france-50503,AIRZONE FRANCE
https://www.bepositive-events.com/fr/liste-exposants/alaska-energies-37896,ALASKA ENERGIES
https://www.bepositive-events.com/fr/liste-exposants/aldes-51398,ALDES
https://www.bepositive-events.com/fr/liste-exposants/alexis-assurances-50604,ALEXIS ASSURANCES
https://www.bepositive-events.com/fr/liste-exposants/alliantz-43606,ALLIANTZ
https://www.bepositive-events.com/fr/liste-exposants/alpes-energie-bois-50465,ALPES ENERGIE BOIS
https://www.bepositive-events.com/fr/liste-exposants/alubel-spa-46605,ALUBEL SPA
https://www.bepositive-events.com/fr/liste-exposants/amg-spa-38520,AMG SPA
https://www.bepositive-events.com/fr/liste-exposants/amr-top-srl-43059,AMR TOP SRL
https://www.bepositive-events.com/fr/liste-exposants/amtc-51856,AMTC
https://www.bepositive-events.com/fr/liste-exposants/apem-energie-42116,APEM ENERGIE
https://www.bepositive-events.com/fr/liste-exposants/april-partenaires-49200,APRIL PARTENAIRES
https://www.bepositive-events.com/fr/liste-exposants/apsystems-41586,APSYSTEMS
https://www.bepositive-events.com/fr/liste-exposants/archambaud-46728,ARCHAMBAUD
https://www.bepositive-events.com/fr/liste-exposants/arkolia-energies-46674,ARKOLIA ENERGIES
https://www.bepositive-events.com/fr/liste-exposants/artense-40508,ARTENSE
https://www.bepositive-events.com/fr/liste-exposants/artense-42817,ARTENSE
https://www.bepositive-events.com/fr/liste-exposants/asder-49231,ASDER
https://www.bepositive-events.com/fr/liste-exposants/association-effinergie-52086,ASSOCIATION EFFINERGIE
https://www.bepositive-events.com/fr/liste-exposants/association-francaise-du-poele-maconne-artisanal-51001,ASSOCIATION FRANCAISE DU POELE MACONNE ARTISANAL
https://www.bepositive-events.com/fr/liste-exposants/astronergy-49373,ASTRONERGY
https://www.bepositive-events.com/fr/liste-exposants/ater-environnement-50664,ATER ENVIRONNEMENT
https://www.bepositive-events.com/fr/liste-exposants/atlantic-45403,ATLANTIC
https://www.bepositive-events.com/fr/liste-exposants/austa-energy-gmbh-39956,AUSTA ENERGY GMBH
https://www.bepositive-events.com/fr/liste-exposants/australair-45402,AUSTRALAIR
https://www.bepositive-events.com/fr/liste-exposants/austroflamm-41588,AUSTROFLAMM
https://www.bepositive-events.com/fr/liste-exposants/axdis-pro-46044,Axdis Pro
https://www.bepositive-events.com/fr/liste-exposants/axun-51136,AXUN
https://www.bepositive-events.com/fr/liste-exposants/baelz-automatic-41902,BAELZ AUTOMATIC
https://www.bepositive-events.com/fr/liste-exposants/banque-populaire-aura-50871,BANQUE POPULAIRE AURA
https://www.bepositive-events.com/fr/liste-exposants/barbas-bellfires-40449,BARBAS BELLFIRES
https://www.bepositive-events.com/fr/liste-exposants/baywa-r-e-solar-systems-sas-38648,BAYWA R.E SOLAR SYSTEMS SAS
https://www.bepositive-events.com/fr/liste-exposants/baywa-r-e--solar-systems-sas-38647,BAYWA R.E. SOLAR SYSTEMS SAS
https://www.bepositive-events.com/fr/liste-exposants/best-fires-38109,BELGOFIRE
https://www.bepositive-events.com/fr/liste-exposants/belinus-50623,BELINUS
https://www.bepositive-events.com/fr/liste-exposants/best-fires-38109,BEST FIRES
https://www.bepositive-events.com/fr/liste-exposants/bioenergie-international---chauffage-bois-aujourd-hui-40212,BIOENERGIE INTERNATIONAL & CHAUFFAGE BOIS AUJOURD'HUI
https://www.bepositive-events.com/fr/liste-exposants/biofioul-56434,BIOFIOUL
https://www.bepositive-events.com/fr/liste-exposants/laudevco-38100,BIOMASSTERRE - WINDHAGER
https://www.bepositive-events.com/fr/liste-exposants/biosyl-ligna-enr-37621,BIOSYL LIGNA ENR
https://www.bepositive-events.com/fr/liste-exposants/blue-watt-49297,BLUE WATT
https://www.bepositive-events.com/fr/liste-exposants/blular-40599,BLULAR
https://www.bepositive-events.com/fr/liste-exposants/bofill-38378,BOFILL
https://www.bepositive-events.com/fr/liste-exposants/best-fires-38109,BOLEY BV
https://www.bepositive-events.com/fr/liste-exposants/solipac-40780,BOURGEOIS GLOBAL
https://www.bepositive-events.com/fr/liste-exposants/brisach-design-40613,BRISACH DESIGN
https://www.bepositive-events.com/fr/liste-exposants/laudevco-38100,BRONPI
https://www.bepositive-events.com/fr/liste-exposants/btp-cfa-auvergne-rhone-alpes-49229,BTP CFA AUVERGNE-RHONE ALPES
https://www.bepositive-events.com/fr/liste-exposants/bymycar-for-business-52459,BYMYCAR FOR BUSINESS
https://www.bepositive-events.com/fr/liste-exposants/c-d-clean-energy-co---ltd-37689,"C&D CLEAN ENERGY CO., LTD"
https://www.bepositive-events.com/fr/liste-exposants/cadel-40604,CADEL
https://www.bepositive-events.com/fr/liste-exposants/calidris-47254,CALIDRIS
https://www.bepositive-events.com/fr/liste-exposants/camel-group-co-ltd-46170,CAMEL GROUP CO LTD
https://www.bepositive-events.com/fr/liste-exposants/camina-schmid-ocho-bois-46537,CAMINA SCHMID OCHO BOIS
https://www.bepositive-events.com/fr/liste-exposants/invicta-40722,CAMINETTI MONTEGRAPPA SPA
https://www.bepositive-events.com/fr/liste-exposants/canadian-solar-45317,CANADIAN SOLAR
https://www.bepositive-events.com/fr/liste-exposants/capeb-rhone-et-grand-lyon-42391,CAPEB RHONE ET GRAND LYON
https://www.bepositive-events.com/fr/liste-exposants/capenergie-38224,CAPENERGIE
https://www.bepositive-events.com/fr/liste-exposants/carbon-capture-buildings--ccb-greentech-51932,CARBON CAPTURE BUILDINGS (CCB)GREENTECH
https://www.bepositive-events.com/fr/liste-exposants/cbm-38386,CBM
https://www.bepositive-events.com/fr/liste-exposants/ccld-56559,CCLD
https://www.bepositive-events.com/fr/liste-exposants/cerib-51203,CERIB
https://www.bepositive-events.com/fr/liste-exposants/charnwood-38514,CHARNWOOD
https://www.bepositive-events.com/fr/liste-exposants/chaudieres-guntamatic-38064,CHAUDIERES GUNTAMATIC
https://www.bepositive-events.com/fr/liste-exposants/chaux-et-enduits-de-saint-astier-cesa-56556,CHAUX ET ENDUITS DE SAINT ASTIER CESA
https://www.bepositive-events.com/fr/liste-exposants/chazelles-38390,CHAZELLES
https://www.bepositive-events.com/fr/liste-exposants/cheminees-poujoulat-47326,CHEMINEES POUJOULAT
https://www.bepositive-events.com/fr/liste-exposants/citel-2cp-42053,CITEL-2CP
https://www.bepositive-events.com/fr/liste-exposants/ckw-solar-group-44779,CKW SOLAR GROUP
https://www.bepositive-events.com/fr/liste-exposants/ckw-solar-group-44780,CKW SOLAR GROUP
https://www.bepositive-events.com/fr/liste-exposants/renault-trucks-grand-lyon-52259,CLOVIS LOCATION
https://www.bepositive-events.com/fr/liste-exposants/cluster-eco-batiment-51054,CLUSTER ECO BATIMENT
https://www.bepositive-events.com/fr/liste-exposants/consilde-media-56553,CONSILDE MEDIA
https://www.bepositive-events.com/fr/liste-exposants/crepito-47133,CREPITO
https://www.bepositive-events.com/fr/liste-exposants/cs-wismar-45015,CS WISMAR
https://www.bepositive-events.com/fr/liste-exposants/daybright-intelligent-energy-49402,DAYBRIGHT INTELLIGENT ENERGY
https://www.bepositive-events.com/fr/liste-exposants/delabie-37610,DELABIE
https://www.bepositive-events.com/fr/liste-exposants/demopolis-concertation-45230,DEMOPOLIS CONCERTATION
https://www.bepositive-events.com/fr/liste-exposants/denim-solar-44756,DENIM SOLAR
https://www.bepositive-events.com/fr/liste-exposants/invicta-40722,DEVILLE (INVICTA GROUP)
https://www.bepositive-events.com/fr/liste-exposants/diff-40662,DIFF
https://www.bepositive-events.com/fr/liste-exposants/dinak-41488,DINAK
https://www.bepositive-events.com/fr/liste-exposants/distrisafe-51544,DISTRISAFE
https://www.bepositive-events.com/fr/liste-exposants/dixneuf-37956,DIXNEUF
https://www.bepositive-events.com/fr/liste-exposants/dome-solar-41377,DOME SOLAR
https://www.bepositive-events.com/fr/liste-exposants/domos-green-energy-41580,DOMOS GREEN ENERGY
https://www.bepositive-events.com/fr/liste-exposants/domusa-teknik-38396,DOMUSA TEKNIK
https://www.bepositive-events.com/fr/liste-exposants/drag-eau-40622,DRAG'EAU
https://www.bepositive-events.com/fr/liste-exposants/dualsun-38555,DUALSUN
https://www.bepositive-events.com/fr/liste-exposants/ecobulles-43444,ECOBULLES
https://www.bepositive-events.com/fr/liste-exposants/ecofaber-srl-49308,ECOFABER SRL
https://www.bepositive-events.com/fr/liste-exposants/ecoflow-europe--s-r-o--50502,ECOFLOW EUROPE S.R.O.
https://www.bepositive-events.com/fr/liste-exposants/ecoforest-40495,ECOFOREST
https://www.bepositive-events.com/fr/liste-exposants/ecoforest-40494,ECOFOREST
https://www.bepositive-events.com/fr/liste-exposants/ecojoko-47465,ECOJOKO
https://www.bepositive-events.com/fr/liste-exposants/ecostal-45678,ECOSTAL
https://www.bepositive-events.com/fr/liste-exposants/edilians-41378,EDILIANS
https://www.bepositive-events.com/fr/liste-exposants/edilkamin-42548,EDILKAMIN
https://www.bepositive-events.com/fr/liste-exposants/editherm-mobility-40513,EDITHERM MOBILITY
https://www.bepositive-events.com/fr/liste-exposants/effy-40520,EFFY
https://www.bepositive-events.com/fr/liste-exposants/eklor-37673,EKLOR
https://www.bepositive-events.com/fr/liste-exposants/elatos-49638,ELATOS
https://www.bepositive-events.com/fr/liste-exposants/elco---rendamax-47136,ELCO - RENDAMAX
https://www.bepositive-events.com/fr/liste-exposants/electriciens-sans-frontieres-50655,ELECTRICIENS SANS FRONTIERES
https://www.bepositive-events.com/fr/liste-exposants/enerloop-42802,ENERLOOP
https://www.bepositive-events.com/fr/liste-exposants/enerplan-42056,ENERPLAN
https://www.bepositive-events.com/fr/liste-exposants/enogrid-56550,Enogrid
https://www.bepositive-events.com/fr/liste-exposants/envertech-co-ltd-46642,ENVERTECH CO LTD
https://www.bepositive-events.com/fr/liste-exposants/envinergy-45273,ENVINERGY
https://www.bepositive-events.com/fr/liste-exposants/eoliance-habitat-56786,EOLIANCE HABITAT
https://www.bepositive-events.com/fr/liste-exposants/epc-solaire-44750,EPC SOLAIRE
https://www.bepositive-events.com/fr/liste-exposants/epices-energie-51314,EPICES ENERGIE
https://www.bepositive-events.com/fr/liste-exposants/esdec-37681,ESDEC
https://www.bepositive-events.com/fr/liste-exposants/esdes-esqese-droit---ucly-56427,ESDES ESQESE DROIT - UCLY
https://www.bepositive-events.com/fr/liste-exposants/fedelec-50768,FEDELEC
https://www.bepositive-events.com/fr/liste-exposants/federation-francaise-des-integrateurs-electriciens-50741,FEDERATION FRANCAISE DES INTEGRATEURS ELECTRICIENS
https://www.bepositive-events.com/fr/liste-exposants/femat-49339,FEMAT
https://www.bepositive-events.com/fr/liste-exposants/ffb-auvergne-rhone-alpes-43671,FFB AUVERGNE RHONE ALPES
https://www.bepositive-events.com/fr/liste-exposants/fibois-aura-cbq----aura-bois-buche-50236,FIBOIS AURA-CBQ+ - AURA BOIS BUCHE
https://www.bepositive-events.com/fr/liste-exposants/fibois-auvergne-rhone-alpes-50231,FIBOIS AUVERGNE RHONE ALPES
https://www.bepositive-events.com/fr/liste-exposants/fimer-43986,FIMER
https://www.bepositive-events.com/fr/liste-exposants/finoptim-46095,FINOPTIM
https://www.bepositive-events.com/fr/liste-exposants/fipc-49271,FIPC
https://www.bepositive-events.com/fr/liste-exposants/best-fires-38109,FLAMEBOX - ENERGIAS RENOVAVEIS UNIPESSOAL LDA
https://www.bepositive-events.com/fr/liste-exposants/flamme-verte-45741,FLAMME VERTE
https://www.bepositive-events.com/fr/liste-exposants/fondis-sas-44490,FONDIS SAS
https://www.bepositive-events.com/fr/liste-exposants/formapelec-51022,FORMAPELEC
https://www.bepositive-events.com/fr/liste-exposants/foshan-neexgent-energy-technology-co--ltd--51892,"FOSHAN NEEXGENT ENERGY TECHNOLOGY CO.,LTD."
https://www.bepositive-events.com/fr/liste-exposants/foxess-38043,FOXESS
https://www.bepositive-events.com/fr/liste-exposants/france-turbo--stove-industry--42978,FRANCE TURBO (STOVE INDUSTRY)
https://www.bepositive-events.com/fr/liste-exposants/froling-38394,FROLING
https://www.bepositive-events.com/fr/liste-exposants/gac-my-datec-50564,GAC MY DATEC
https://www.bepositive-events.com/fr/liste-exposants/gazoleen-43417,GAZOLEEN
https://www.bepositive-events.com/fr/liste-exposants/genie-climatique-magazine-47138,GENIE CLIMATIQUE MAGAZINE
https://www.bepositive-events.com/fr/liste-exposants/ginlong--solis--38294,GINLONG (SOLIS)
https://www.bepositive-events.com/fr/liste-exposants/givier-group-45249,GIVIER GROUP
https://www.bepositive-events.com/fr/liste-exposants/gl-events-exhibitions-operations-45928,GL EVENTS EXHIBITIONS OPERATIONS
https://www.bepositive-events.com/fr/liste-exposants/gmv-industrie-50141,GMV INDUSTRIE
https://www.bepositive-events.com/fr/liste-exposants/goland-century-co---ltd-56927,"GOLAND CENTURY CO., LTD"
https://www.bepositive-events.com/fr/liste-exposants/goodwe-41732,GOODWE
https://www.bepositive-events.com/fr/liste-exposants/graitec-france-57040,GRAITEC FRANCE
https://www.bepositive-events.com/fr/liste-exposants/grant-france-46146,GRANT FRANCE
https://www.bepositive-events.com/fr/liste-exposants/grdf-50188,GRDF
https://www.bepositive-events.com/fr/liste-exposants/greithwald-herde-40855,GREITHWALD HERDE
https://www.bepositive-events.com/fr/liste-exposants/groupe-astr-in-sotradel-50537,GROUPE ASTR'IN SOTRADEL
https://www.bepositive-events.com/fr/liste-exposants/groupe-mazaud-56560,GROUPE MAZAUD
https://www.bepositive-events.com/fr/liste-exposants/groupement-actibaie-47291,GROUPEMENT ACTIBAIE
https://www.bepositive-events.com/fr/liste-exposants/gse-integration-37382,GSE INTEGRATION
https://www.bepositive-events.com/fr/liste-exposants/gt-powertank-45475,GT POWERTANK
https://www.bepositive-events.com/fr/liste-exposants/guangdong-asgoft-energy-co--ltd-51343,GUANGDONG ASGOFT ENERGY CO. LTD
https://www.bepositive-events.com/fr/liste-exposants/guangdong-zhicheng-champion-group-co--ltd-56936,GUANGDONG ZHICHENG CHAMPION GROUP CO. LTD
https://www.bepositive-events.com/fr/liste-exposants/guangzhou-felicity-solar-52164,GUANGZHOU FELICITY SOLAR
https://www.bepositive-events.com/fr/liste-exposants/habitat-naturel-45987,HABITAT NATUREL
https://www.bepositive-events.com/fr/liste-exposants/hangzhou-livoltek-power-co--ltd-39955,HANGZHOU LIVOLTEK POWER CO. LTD
https://www.bepositive-events.com/fr/liste-exposants/hargassner-france-38556,HARGASSNER FRANCE
https://www.bepositive-events.com/fr/liste-exposants/okofen-37159,HDG BAVARIA
https://www.bepositive-events.com/fr/liste-exposants/heizomat-france-50563,HEIZOMAT FRANCE
https://www.bepositive-events.com/fr/liste-exposants/helios-ventilateurs-51373,HELIOS VENTILATEURS
https://www.bepositive-events.com/fr/liste-exposants/hellio-50739,HELLIO
https://www.bepositive-events.com/fr/liste-exposants/hengdian-group-dmegc-magnetics-50850,HENGDIAN GROUP DMEGC MAGNETICS
https://www.bepositive-events.com/fr/liste-exposants/sb-thermique-44781,HERZ ENERGIE TECHNIK GMBH
https://www.bepositive-events.com/fr/liste-exposants/hge-france-s-a-r-l-47143,HGE FRANCE S.A.R.L
https://www.bepositive-events.com/fr/liste-exposants/hikmicro-45762,HIKMICRO
https://www.bepositive-events.com/fr/liste-exposants/solipac-40780,HITACHI
https://www.bepositive-events.com/fr/liste-exposants/hoben-49314,HOBEN
https://www.bepositive-events.com/fr/liste-exposants/hot-comb-distribution-47141,HOT COMB DISTRIBUTION
https://www.bepositive-events.com/fr/liste-exposants/hoymiles-power-electronics-inc--46359,HOYMILES POWER ELECTRONICS INC.
https://www.bepositive-events.com/fr/liste-exposants/hoypower-energy-co--ltd-44507,HOYPOWER ENERGY CO. LTD
https://www.bepositive-events.com/fr/liste-exposants/hs-france-43060,HS FRANCE
https://www.bepositive-events.com/fr/liste-exposants/hs-holzexport-schuster-gmbh-40696,HS HOLZEXPORT SCHUSTER GMBH
https://www.bepositive-events.com/fr/liste-exposants/ht-spa-40567,HT SPA
https://www.bepositive-events.com/fr/liste-exposants/huawei-47476,HUAWEI
https://www.bepositive-events.com/fr/liste-exposants/idex-52303,IDEX
https://www.bepositive-events.com/fr/liste-exposants/idex-52304,IDEX
https://www.bepositive-events.com/fr/liste-exposants/ims-38110,IMS
https://www.bepositive-events.com/fr/liste-exposants/chazelles-38390,INDUSTRIAS HERGOM
https://www.bepositive-events.com/fr/liste-exposants/ines-formation-et-evaluation-44736,INES FORMATION ET EVALUATION
https://www.bepositive-events.com/fr/liste-exposants/ing-fixations-44785,ING FIXATIONS
https://www.bepositive-events.com/fr/liste-exposants/ingeteam-sas-44387,INGETEAM SAS
https://www.bepositive-events.com/fr/liste-exposants/innovative-vending-machines-52354,INNOVATIVE VENDING MACHINES
https://www.bepositive-events.com/fr/liste-exposants/inovalp-51943,INOVALP
https://www.bepositive-events.com/fr/liste-exposants/internorm-fen--tre-42392,INTERNORM FENÊTRE
https://www.bepositive-events.com/fr/liste-exposants/intuis-50309,INTUIS
https://www.bepositive-events.com/fr/liste-exposants/invicta-40722,INVICTA
https://www.bepositive-events.com/fr/liste-exposants/iso-chemie-france-42036,ISO-CHEMIE FRANCE
https://www.bepositive-events.com/fr/liste-exposants/iveco-lvi-52458,IVECO LVI
https://www.bepositive-events.com/fr/liste-exposants/iveco-lvi-52461,IVECO LVI
https://www.bepositive-events.com/fr/liste-exposants/iwona-pellets-49662,IWONA PELLETS
https://www.bepositive-events.com/fr/liste-exposants/ja-solar-49296,JA SOLAR
https://www.bepositive-events.com/fr/liste-exposants/jeremias-france-41649,JEREMIAS FRANCE
https://www.bepositive-events.com/fr/liste-exposants/jiangsu-akcome-51333,JIANGSU AKCOME
https://www.bepositive-events.com/fr/liste-exposants/jinkosolar-38646,JINKOSOLAR
https://www.bepositive-events.com/fr/liste-exposants/jma-distribution-41764,JMA DISTRIBUTION
https://www.bepositive-events.com/fr/liste-exposants/jmt-isolations-et-energie-51249,JMT ISOLATIONS ET ENERGIE
https://www.bepositive-events.com/fr/liste-exposants/jolly-mec-caminetti-40686,JOLLY MEC CAMINETTI
https://www.bepositive-events.com/fr/liste-exposants/jolywood--taizhou--solar-technology-co---ltd--37674,"Jolywood (Taizhou) Solar Technology Co., Ltd."
https://www.bepositive-events.com/fr/liste-exposants/lorflex-38111,JONCOUX
https://www.bepositive-events.com/fr/liste-exposants/joris-ide---cbi-poitou-37589,JORIS IDE - CBI POITOU
https://www.bepositive-events.com/fr/liste-exposants/judo-france-38393,JUDO FRANCE
https://www.bepositive-events.com/fr/liste-exposants/j--tul-group-40804,JØTUL GROUP
https://www.bepositive-events.com/fr/liste-exposants/k2-systems-sarl-37435,K2 SYSTEMS SARL
https://www.bepositive-events.com/fr/liste-exposants/kamase-38044,KAMASE
https://www.bepositive-events.com/fr/liste-exposants/kc-france-46145,KC FRANCE
https://www.bepositive-events.com/fr/liste-exposants/keba-emobility-51425,KEBA EMOBILITY
https://www.bepositive-events.com/fr/liste-exposants/kh-concept-42803,KH CONCEPT
https://www.bepositive-events.com/fr/liste-exposants/kiloutou-51951,KILOUTOU
https://www.bepositive-events.com/fr/liste-exposants/kitoffgrid-52339,KITOFFGRID
https://www.bepositive-events.com/fr/liste-exposants/laudevco-38100,KLOVER SRL
https://www.bepositive-events.com/fr/liste-exposants/kokun-56437,KOKUN
https://www.bepositive-events.com/fr/liste-exposants/kostal-solar-electric-37955,KOSTAL SOLAR ELECTRIC
https://www.bepositive-events.com/fr/liste-exposants/kunst-wood-stoves-43350,KUNST WOOD STOVES
https://www.bepositive-events.com/fr/liste-exposants/kwb-france-40615,KWB FRANCE
https://www.bepositive-events.com/fr/liste-exposants/la-maison-ecologique-51025,LA MAISON ECOLOGIQUE
https://www.bepositive-events.com/fr/liste-exposants/la-nordica---extraflame-40685,LA NORDICA - EXTRAFLAME
https://www.bepositive-events.com/fr/liste-exposants/la-nordica---extraflame-40687,LA NORDICA - EXTRAFLAME
https://www.bepositive-events.com/fr/liste-exposants/la-solive-51190,LA SOLIVE
https://www.bepositive-events.com/fr/liste-exposants/lakal-42966,LAKAL
https://www.bepositive-events.com/fr/liste-exposants/lancey-energy-storage-51365,LANCEY ENERGY STORAGE
https://www.bepositive-events.com/fr/liste-exposants/laudevco-38100,LAUDEVCO
https://www.bepositive-events.com/fr/liste-exposants/le-journal-des-energies-renouvelables-56555,LE JOURNAL DES ENERGIES RENOUVELABLES
https://www.bepositive-events.com/fr/liste-exposants/le-relais-metisse-56461,LE RELAIS METISSE
https://www.bepositive-events.com/fr/liste-exposants/le-triangle-46645,LE TRIANGLE
https://www.bepositive-events.com/fr/liste-exposants/best-fires-38109,LEDA WERK GMBH & CO. KG
https://www.bepositive-events.com/fr/liste-exposants/lesso-new-energy-development-private-limited-51778,LESSO NEW ENERGY DEVELOPMENT PRIVATE LIMITED
https://www.bepositive-events.com/fr/liste-exposants/lettel-38256,LETTEL
https://www.bepositive-events.com/fr/liste-exposants/libel---logiciel-interventions-51946,LIBEL - LOGICIEL INTERVENTIONS
https://www.bepositive-events.com/fr/liste-exposants/lienbacher-43563,LIENBACHER
https://www.bepositive-events.com/fr/liste-exposants/likewatt-51633,LIKEWATT
https://www.bepositive-events.com/fr/liste-exposants/logiciel-extrabat-37897,LOGICIEL EXTRABAT
https://www.bepositive-events.com/fr/liste-exposants/longi-solar-49312,LONGI SOLAR
https://www.bepositive-events.com/fr/liste-exposants/lorflam-totem-groupe-qaeli-40721,LORFLAM TOTEM GROUPE QAELI
https://www.bepositive-events.com/fr/liste-exposants/lorflex-38111,LORFLEX
https://www.bepositive-events.com/fr/liste-exposants/lowit-51211,Lowit
https://www.bepositive-events.com/fr/liste-exposants/best-fires-38109,M-DESIGN
https://www.bepositive-events.com/fr/liste-exposants/madenr-37711,MADENR
https://www.bepositive-events.com/fr/liste-exposants/magnovent-france-52411,MAGNOVENT FRANCE
https://www.bepositive-events.com/fr/liste-exposants/manufacturas-rocal-43636,MANUFACTURAS ROCAL
https://www.bepositive-events.com/fr/liste-exposants/mavisun-45636,MAVISUN
https://www.bepositive-events.com/fr/liste-exposants/max-blank-40695,MAX BLANK
https://www.bepositive-events.com/fr/liste-exposants/mbm-srl-37705,MBM SRL
https://www.bepositive-events.com/fr/liste-exposants/mcz-40694,MCZ
https://www.bepositive-events.com/fr/liste-exposants/mecosun-42526,MECOSUN
https://www.bepositive-events.com/fr/liste-exposants/menlo-electric-s-a-47466,MENLO ELECTRIC S.A
https://www.bepositive-events.com/fr/liste-exposants/menuiseries-philibert-51228,MENUISERIES PHILIBERT
https://www.bepositive-events.com/fr/liste-exposants/meteocontrol-45994,METEOCONTROL
https://www.bepositive-events.com/fr/liste-exposants/micoe-49452,MICOE
https://www.bepositive-events.com/fr/liste-exposants/modinox-40566,MODINOX
https://www.bepositive-events.com/fr/liste-exposants/moduland-44475,MODULAND
https://www.bepositive-events.com/fr/liste-exposants/moretti-design-44174,MORETTI DESIGN
https://www.bepositive-events.com/fr/liste-exposants/morvan-self-climat-41850,MORVAN SELF CLIMAT
https://www.bepositive-events.com/fr/liste-exposants/mylight-systems-43308,MYLIGHT SYSTEMS
https://www.bepositive-events.com/fr/liste-exposants/n2air-52298,N2AIR
https://www.bepositive-events.com/fr/liste-exposants/nature-et-confort-51863,NATURE ET CONFORT
https://www.bepositive-events.com/fr/liste-exposants/ned-41478,NED
https://www.bepositive-events.com/fr/liste-exposants/ned-41477,NED
https://www.bepositive-events.com/fr/liste-exposants/neolife-51210,NEOLIFE
https://www.bepositive-events.com/fr/liste-exposants/neomitis-45408,NEOMITIS
https://www.bepositive-events.com/fr/liste-exposants/neopolis-50622,NEOPOLIS
https://www.bepositive-events.com/fr/liste-exposants/best-fires-38109,NEVERDARK
https://www.bepositive-events.com/fr/liste-exposants/newpowa-america-45128,NEWPOWA AMERICA
https://www.bepositive-events.com/fr/liste-exposants/nibe-pompe-a-chaleur-41416,NIBE POMPE A CHALEUR
https://www.bepositive-events.com/fr/liste-exposants/nicoll-by-aliaxis-40676,NICOLL BY ALIAXIS
https://www.bepositive-events.com/fr/liste-exposants/madenr-37711,NOARK ELECTRIC EUROPE SRO
https://www.bepositive-events.com/fr/liste-exposants/nobis-srl-41681,NOBIS SRL
https://www.bepositive-events.com/fr/liste-exposants/northern-electric-power-46667,NORTHERN ELECTRIC POWER
https://www.bepositive-events.com/fr/liste-exposants/novotegra-38649,NOVOTEGRA
https://www.bepositive-events.com/fr/liste-exposants/novotegra-gmbh-56955,NOVOTEGRA GMBH
https://www.bepositive-events.com/fr/liste-exposants/odyssee-design-40681,ODYSSEE DESIGN
https://www.bepositive-events.com/fr/liste-exposants/okofen-37159,OKOFEN
https://www.bepositive-events.com/fr/liste-exposants/openfire-43562,OPENFIRE
https://www.bepositive-events.com/fr/liste-exposants/opess-52432,OPESS
https://www.bepositive-events.com/fr/liste-exposants/oranier-heiztechnik-40672,ORANIER HEIZTECHNIK
https://www.bepositive-events.com/fr/liste-exposants/orchel-40693,ORCHEL
https://www.bepositive-events.com/fr/liste-exposants/otovo-france-49395,OTOVO FRANCE
https://www.bepositive-events.com/fr/liste-exposants/cheminees-poujoulat-47326,OUTSTEEL
https://www.bepositive-events.com/fr/liste-exposants/o--kos-50634,OÏKOS
https://www.bepositive-events.com/fr/liste-exposants/palazzetti-lelio-spa-45406,PALAZZETTI LELIO SPA
https://www.bepositive-events.com/fr/liste-exposants/best-fires-38109,"PANADERO AB, S. L."
https://www.bepositive-events.com/fr/liste-exposants/pbtub-50483,PBTUB
https://www.bepositive-events.com/fr/liste-exposants/perge-chaudieres-pac-hybrides-42213,PERGE CHAUDIERES/PAC HYBRIDES
https://www.bepositive-events.com/fr/liste-exposants/laudevco-38100,PERTINGER SRL
https://www.bepositive-events.com/fr/liste-exposants/phnix-heat-pump-42157,PHNIX HEAT PUMP
https://www.bepositive-events.com/fr/liste-exposants/phoenix-contact-38328,PHOENIX CONTACT
https://www.bepositive-events.com/fr/liste-exposants/photowatt-51477,PHOTOWATT
https://www.bepositive-events.com/fr/liste-exposants/pieces-express-37096,PIECES EXPRESS
https://www.bepositive-events.com/fr/liste-exposants/piveteaubois-40663,PIVETEAUBOIS
https://www.bepositive-events.com/fr/liste-exposants/pleion--spa-51107,PLEION SPA
https://www.bepositive-events.com/fr/liste-exposants/polyflam-37484,POLYFLAM
https://www.bepositive-events.com/fr/liste-exposants/power-world-machinery-equipment-co-ltd-49338,POWER WORLD MACHINERY EQUIPMENT CO LTD
https://www.bepositive-events.com/fr/liste-exposants/powr-group-41818,POWR GROUP
https://www.bepositive-events.com/fr/liste-exposants/powr-group-41819,POWR GROUP
https://www.bepositive-events.com/fr/liste-exposants/premium-mounting-technologies-38120,PREMIUM MOUNTING TECHNOLOGIES
https://www.bepositive-events.com/fr/liste-exposants/progalva-energies-38383,PROGALVA ENERGIES
https://www.bepositive-events.com/fr/liste-exposants/propellet-47132,PROPELLET
https://www.bepositive-events.com/fr/liste-exposants/pv-magazine-group-gmbh---co--kg-50688,PV MAGAZINE GROUP GMBH & CO. KG
https://www.bepositive-events.com/fr/liste-exposants/qnsolar-44508,QNSOLAR
https://www.bepositive-events.com/fr/liste-exposants/qualibat-50263,QUALIBAT
https://www.bepositive-events.com/fr/liste-exposants/qualifelec-49440,QUALIFELEC
https://www.bepositive-events.com/fr/liste-exposants/qualit-enr-46675,QUALIT'ENR
https://www.bepositive-events.com/fr/liste-exposants/ravelli-44240,RAVELLI
https://www.bepositive-events.com/fr/liste-exposants/raytech-new-energy-material-co-ltd-51697,RAYTECH NEW ENERGY MATERIAL CO LTD
https://www.bepositive-events.com/fr/liste-exposants/rec-solar-emea-gmbh-38715,REC SOLAR EMEA GMBH
https://www.bepositive-events.com/fr/liste-exposants/reflex-winkelmann-gmbh---reflex-winkelmann-france-51852,REFLEX Winkelmann GMBH - Reflex Winkelmann France
https://www.bepositive-events.com/fr/liste-exposants/region-auvergne-rhone-alpes-46679,REGION AUVERGNE RHONE ALPES
https://www.bepositive-events.com/fr/liste-exposants/rehau-france-45591,REHAU FRANCE
https://www.bepositive-events.com/fr/liste-exposants/rehmann-dominique-eurl-45551,REHMANN DOMINIQUE EURL
https://www.bepositive-events.com/fr/liste-exposants/renault-trucks-grand-lyon-52259,RENAULT TRUCKS GRAND LYON
https://www.bepositive-events.com/fr/liste-exposants/renusol-europe-gmbh-40669,RENUSOL EUROPE GMBH
https://www.bepositive-events.com/fr/liste-exposants/rexel-france-45450,REXEL FRANCE
https://www.bepositive-events.com/fr/liste-exposants/rexel-france-45451,REXEL FRANCE
https://www.bepositive-events.com/fr/liste-exposants/laudevco-38100,RHEA FLAM
https://www.bepositive-events.com/fr/liste-exposants/rhone-elec-distribution-46147,RHONE ELEC DISTRIBUTION
https://www.bepositive-events.com/fr/liste-exposants/ri2e-43367,RI2E
https://www.bepositive-events.com/fr/liste-exposants/risen-energy-co-ltd-37489,RISEN ENERGY CO.LTD
https://www.bepositive-events.com/fr/liste-exposants/rizzoli-cuisinieres-a-bois-38391,RIZZOLI CUISINIERES A BOIS
https://www.bepositive-events.com/fr/liste-exposants/roka-refractory-47325,ROKA REFRACTORY
https://www.bepositive-events.com/fr/liste-exposants/roma-france-46205,ROMA FRANCE
https://www.bepositive-events.com/fr/liste-exposants/romotop-40673,ROMOTOP
https://www.bepositive-events.com/fr/liste-exposants/ros-tuyaux-46055,ROS TUYAUX
https://www.bepositive-events.com/fr/liste-exposants/rwe-renouvelables-france-49185,RWE RENOUVELABLES FRANCE
https://www.bepositive-events.com/fr/liste-exposants/s-p-france-51636,S&P FRANCE
https://www.bepositive-events.com/fr/liste-exposants/saint-gobain-51234,SAINT GOBAIN
https://www.bepositive-events.com/fr/liste-exposants/sakkarah-45407,SAKKARAH
https://www.bepositive-events.com/fr/liste-exposants/sb-thermique-44781,SAUNIER DUVAL EAU CHAUDE CHAUFFAGE
https://www.bepositive-events.com/fr/liste-exposants/sb-thermique-44781,SB THERMIQUE
https://www.bepositive-events.com/fr/liste-exposants/schletter-group-45769,SCHLETTER GROUP
https://www.bepositive-events.com/fr/liste-exposants/seguin--une-histoire-de-flamme-40674,"SEGUIN, UNE HISTOIRE DE FLAMME"
https://www.bepositive-events.com/fr/liste-exposants/senmarck-energy-ltd-56938,SENMARCK ENERGY LTD
https://www.bepositive-events.com/fr/liste-exposants/sfcb-47139,SFCB
https://www.bepositive-events.com/fr/liste-exposants/sfic-52403,SFIC
https://www.bepositive-events.com/fr/liste-exposants/sga-societe-de-granules-darlanc-37509,SGA SOCIETE DE GRANULES DARLANC
https://www.bepositive-events.com/fr/liste-exposants/sgam-btp-41776,SGAM BTP
https://www.bepositive-events.com/fr/liste-exposants/shen-zhen-growatt-new-energy-37493,SHEN ZHEN GROWATT NEW ENERGY
https://www.bepositive-events.com/fr/liste-exposants/shenzhen-cosmobattery-technology-co---ltd-51195,"SHENZHEN COSMOBATTERY TECHNOLOGY CO., LTD"
https://www.bepositive-events.com/fr/liste-exposants/shenzhen-dibet-technology-co--ltd-51191,SHENZHEN DIBET TECHNOLOGY CO. LTD
https://www.bepositive-events.com/fr/liste-exposants/shenzhen-en-plus-tech-co-ltd-49344,SHENZHEN EN PLUS TECH CO LTD
https://www.bepositive-events.com/fr/liste-exposants/shenzhen-lux-power-technology-44509,SHENZHEN LUX POWER TECHNOLOGY
https://www.bepositive-events.com/fr/liste-exposants/shenzhen-megarevo-technology-co--ltd-49336,SHENZHEN MEGAREVO TECHNOLOGY CO. LTD
https://www.bepositive-events.com/fr/liste-exposants/shenzhen-poweroak-newener-co-ltd-49337,SHENZHEN POWEROAK NEWENER CO LTD
https://www.bepositive-events.com/fr/liste-exposants/shenzhen-soy-technology-co--ltd-52122,SHENZHEN SOY TECHNOLOGY CO. LTD
https://www.bepositive-events.com/fr/liste-exposants/shenzhen-windsor-ip-commercialization-co--ltd-56931,SHENZHEN WINDSOR IP COMMERCIALIZATION CO. LTD
https://www.bepositive-events.com/fr/liste-exposants/shenzhen-zeseco-li-ion-rechcling-tech-co---ltd-51159,"SHENZHEN ZESECO LI-ION RECHCLING TECH CO., LTD"
https://www.bepositive-events.com/fr/liste-exposants/sider-42750,SIDER
https://www.bepositive-events.com/fr/liste-exposants/sinclair-pompes-a-chaleur-46329,SINCLAIR POMPES A CHALEUR
https://www.bepositive-events.com/fr/liste-exposants/sirea---pilotage-et-stockage-51330,SIREA - PILOTAGE ET STOCKAGE
https://www.bepositive-events.com/fr/liste-exposants/sodico-40682,SODICO
https://www.bepositive-events.com/fr/liste-exposants/solaire-sans-frontieres-50439,SOLAIRE SANS FRONTIERES
https://www.bepositive-events.com/fr/liste-exposants/solarclarity-44210,SOLARCLARITY
https://www.bepositive-events.com/fr/liste-exposants/solarday-41338,SOLARDAY
https://www.bepositive-events.com/fr/liste-exposants/solareast-heat-pump-ltd-50175,SOLAREAST HEAT PUMP LTD
https://www.bepositive-events.com/fr/liste-exposants/solaredge-44004,SOLAREDGE
https://www.bepositive-events.com/fr/liste-exposants/solarwatt-40668,SOLARWATT
https://www.bepositive-events.com/fr/liste-exposants/solax-power-co--ltd-37682,"SOLAX POWER CO.,LTD"
https://www.bepositive-events.com/fr/liste-exposants/solipac-40780,SOLIPAC
https://www.bepositive-events.com/fr/liste-exposants/solisart-50144,SOLISART
https://www.bepositive-events.com/fr/liste-exposants/jmt-isolations-et-energie-51249,SOLISO TECHNOLOGIES
https://www.bepositive-events.com/fr/liste-exposants/solucalc-50161,SOLUCALC
https://www.bepositive-events.com/fr/liste-exposants/soluna-46001,SOLUNA
https://www.bepositive-events.com/fr/liste-exposants/sonergia-51767,SONERGIA
https://www.bepositive-events.com/fr/liste-exposants/soprasolar-51262,SOPRASOLAR
https://www.bepositive-events.com/fr/liste-exposants/soren-37795,SOREN
https://www.bepositive-events.com/fr/liste-exposants/speedcomfort-51958,SPEEDCOMFORT
https://www.bepositive-events.com/fr/liste-exposants/split-distribution-50629,SPLIT DISTRIBUTION
https://www.bepositive-events.com/fr/liste-exposants/steinel-france-51227,STEINEL FRANCE
https://www.bepositive-events.com/fr/liste-exposants/best-fires-38109,STORCH
https://www.bepositive-events.com/fr/liste-exposants/stove-italia--stove-industry--42979,STOVE ITALIA (STOVE INDUSTRY)
https://www.bepositive-events.com/fr/liste-exposants/sungrow-49184,SUNGROW
https://www.bepositive-events.com/fr/liste-exposants/sunova-solar-technology-co--ltd-45978,SUNOVA SOLAR TECHNOLOGY CO. LTD
https://www.bepositive-events.com/fr/liste-exposants/sunstyle-international-51466,SUNSTYLE INTERNATIONAL
https://www.bepositive-events.com/fr/liste-exposants/sunways-37675,SUNWAYS
https://www.bepositive-events.com/fr/liste-exposants/sunwoda-energy-technology-co-ltd-49345,SUNWODA ENERGY TECHNOLOGY CO LTD
https://www.bepositive-events.com/fr/liste-exposants/suzhou-hypontech-co--ltd-41363,SUZHOU HYPONTECH CO. LTD
https://www.bepositive-events.com/fr/liste-exposants/synasav-44169,SYNASAV
https://www.bepositive-events.com/fr/liste-exposants/syndicat-des-energies-renouvelables-46163,SYNDICAT DES ENERGIES RENOUVELABLES
https://www.bepositive-events.com/fr/liste-exposants/synexium-energy-44177,SYNEXIUM ENERGY
https://www.bepositive-events.com/fr/liste-exposants/syrius-solar-industry-45476,SYRIUS SOLAR INDUSTRY
https://www.bepositive-events.com/fr/liste-exposants/systovi-37600,SYSTOVI
https://www.bepositive-events.com/fr/liste-exposants/technideal-37802,TECHNIDEAL
https://www.bepositive-events.com/fr/liste-exposants/teksial-37796,TEKSIAL
https://www.bepositive-events.com/fr/liste-exposants/ten---technaflon-44281,TEN - TECHNAFLON
https://www.bepositive-events.com/fr/liste-exposants/termatech-a-s-44183,TERMATECH A/S
https://www.bepositive-events.com/fr/liste-exposants/testo-40675,TESTO
https://www.bepositive-events.com/fr/liste-exposants/tesvolt-ag-41581,TESVOLT AG
https://www.bepositive-events.com/fr/liste-exposants/tgpro-new-energy-technology-49158,TGPRO NEW ENERGY TECHNOLOGY
https://www.bepositive-events.com/fr/liste-exposants/thermador---thewa-38704,THERMADOR - THEWA
https://www.bepositive-events.com/fr/liste-exposants/thermiconfort-cheminees-garcia-41849,THERMICONFORT CHEMINEES GARCIA
https://www.bepositive-events.com/fr/liste-exposants/thermorossi-spa-40683,THERMOROSSI SPA
https://www.bepositive-events.com/fr/liste-exposants/thomson-energy-45405,THOMSON ENERGY
https://www.bepositive-events.com/fr/liste-exposants/tiger-new-power-technology-co-50839,TIGER NEW POWER TECHNOLOGY CO
https://www.bepositive-events.com/fr/liste-exposants/tongwei-new-energy-44225,TONGWEI NEW ENERGY
https://www.bepositive-events.com/fr/liste-exposants/domos-green-energy-41580,TOSHIBA
https://www.bepositive-events.com/fr/liste-exposants/totalenergies-electricite-et-gaz-france-50995,TOTALENERGIES ELECTRICITE ET GAZ FRANCE
https://www.bepositive-events.com/fr/liste-exposants/toyota-sivam-by-autosphere-56951,TOYOTA SIVAM BY AUTOSPHERE
https://www.bepositive-events.com/fr/liste-exposants/tsun-ess-co-ltd-46717,TSUN ESS CO LTD
https://www.bepositive-events.com/fr/liste-exposants/tubest-sas-40684,TUBEST SAS
https://www.bepositive-events.com/fr/liste-exposants/ubbink-france-37733,UBBINK FRANCE
https://www.bepositive-events.com/fr/liste-exposants/ultra--ade-industries-41417,ULTRAÇADE INDUSTRIES
https://www.bepositive-events.com/fr/liste-exposants/umgccp-ffb-44017,UMGCCP-FFB
https://www.bepositive-events.com/fr/liste-exposants/ungaro-srl-42117,UNGARO SRL
https://www.bepositive-events.com/fr/liste-exposants/unical---schuster-45401,UNICAL - SCHUSTER
https://www.bepositive-events.com/fr/liste-exposants/univert50-51948,UNIVERT50
https://www.bepositive-events.com/fr/liste-exposants/urbs-51862,URBS
https://www.bepositive-events.com/fr/liste-exposants/valenergies-38650,VALENERGIES
https://www.bepositive-events.com/fr/liste-exposants/vergnet-46144,VERGNET
https://www.bepositive-events.com/fr/liste-exposants/vert-deshy-40461,VERT DESHY
https://www.bepositive-events.com/fr/liste-exposants/vicat-51371,VICAT
https://www.bepositive-events.com/fr/liste-exposants/victron-energy-41264,VICTRON ENERGY
https://www.bepositive-events.com/fr/liste-exposants/viessmann-47338,VIESSMANN
https://www.bepositive-events.com/fr/liste-exposants/viessmann-56537,VIESSMANN
https://www.bepositive-events.com/fr/liste-exposants/viessmann-56538,VIESSMANN
https://www.bepositive-events.com/fr/liste-exposants/ville---amenagement-durable-50156,VILLE & AMENAGEMENT DURABLE
https://www.bepositive-events.com/fr/liste-exposants/vivaldi-pac-51543,VIVALDI PAC
https://www.bepositive-events.com/fr/liste-exposants/voltaneo-37794,VOLTANEO
https://www.bepositive-events.com/fr/liste-exposants/vraco-distribution-49443,VRACO DISTRIBUTION
https://www.bepositive-events.com/fr/liste-exposants/vyrosa-40671,VYROSA
https://www.bepositive-events.com/fr/liste-exposants/vyrosa-56741,VYROSA
https://www.bepositive-events.com/fr/liste-exposants/weishaupt-47134,WEISHAUPT
https://www.bepositive-events.com/fr/liste-exposants/welson-power-technology-company-56772,WELSON POWER TECHNOLOGY COMPANY
https://www.bepositive-events.com/fr/liste-exposants/xiamen-hq-mount-tech-co-ltd-46328,XIAMEN HQ MOUNT TECH CO LTD
https://www.bepositive-events.com/fr/liste-exposants/xiamen-kseng-metal-tech-co-ltd-46259,XIAMEN KSENG METAL TECH CO LTD
https://www.bepositive-events.com/fr/liste-exposants/xiamen-wintop-new-energy-tech-41733,XIAMEN WINTOP NEW ENERGY TECH
https://www.bepositive-events.com/fr/liste-exposants/xplo-40677,XPLO
https://www.bepositive-events.com/fr/liste-exposants/yomatec-45679,YOMATEC
https://www.bepositive-events.com/fr/liste-exposants/zaegel-held-43095,ZAEGEL HELD
https://www.bepositive-events.com/fr/liste-exposants/zendure-46752,ZENDURE
https://www.bepositive-events.com/fr/liste-exposants/zhejiang-chisolar-co-ltd-49449,ZHEJIANG CHISOLAR CO LTD
https://www.bepositive-events.com/fr/liste-exposants/zhejiang-kingdom-solar-energy-37915,ZHEJIANG KINGDOM SOLAR ENERGY
https://www.bepositive-events.com/fr/liste-exposants/zonzini-france-40748,ZONZINI FRANCE
